<?xml version="1.0" encoding="ISO-8859-1"?>
<Bookstore>
<Book category="history">
<title>Valmiki's Ramayan</title>
<published>2006</published>
<page>191</page>
<language>English</language>
</Book>
<Book category="Childern">
<title>Harry Potter</title>
<published>2005</published>
<authore>K. Rowling</authore>
<language>English</language>
</Book>
<Book category="Novel">
<title>2 State</title>
<published>2009</published>
<authore>Chaten Bhagat</authore>
<language>English</language>
<page>269</page>
</Book>
<Book category="Human">
<title>By the Book</title>
<published>2020</published>
<authore>Amanda Sellet</authore>
<page>384</page>
</Book>
<Book category="Political Science">
<title>The India Way</title>
<published>2020</published>
<authore>Dr. S. Jaishankar</authore>
<page>240</page>
</Book>
</Bookstore>